Workbook

Sheet 11-08-2026
B2: New Expansion of 30 MT *4 Induction furnace SMS Charge Mix | S2: Material | T2: 32 | U2: =(T2*1000)/(SUM(D5:D16)/1000) -> 40302.267
B3: Item Description | C3: % | D3: Recovery | E3: Qty | F3: RM Quality (Expected) % | L3: Estimated Quality of Product % | P3: Yeild | Q3: Yeild | U3: 10
E4: Kg | F4: c | G4: s | H4: p | I4: net carbon | J4: after FEO | K4: after burning loss | L4: c | M4: s | N4: Mn | O4: p | T4: Per Heat | U4: Per Day
B5: STEEL MELTING SCRAP | C5: 0 | D5: =C5*P5%*10 -> 0 | E5: =$E$20*C5% -> 0 | F5: 0.2 | G5: 0.035 | H5: 0.048 | I5: =D5*F5% -> 0 | J5: =I5 -> 0 | K5: =J5*0.8 -> 0 | L5: =K5 -> 0 | M5: =E5*G5% -> 0 | O5: =E5*H5% -> 0 | P5: 93 | Q5: =P5*E5% -> 0 | S5: =B5 -> STEEL MELTING SCRAP | T5: =((($U$2*((E5/$E$20)*100)%))/1000) -> 0 | U5: =T5*$U$3 -> 0 | W5: =+C5/93 -> 0 | X5: =50/93% -> 53.763441
B6: ROLLING MILL SCRAP | C6: 0 | D6: =C6*P6%*10 -> 0 | E6: =$E$20*C6% -> 0 | F6: 0.1 | G6: 0.045 | H6: 0.065 | I6: =D6*F6% -> 0 | J6: =I6 -> 0 | K6: =J6*0.8 -> 0 | L6: =K6 -> 0 | M6: =E6*G6% -> 0 | O6: =E6*H6% -> 0 | P6: 97 | Q6: =P6*E6% -> 0 | S6: ROLLING MILL SCRAP | T6: =((($U$2*((E6/$E$20)*100)%))/1000) -> 0 | U6: =T6*$U$3 -> 0
B7: Billet End Cut | C7: 0 | D7: =C7*P7%*10 -> 0 | E7: =$E$20*C7% -> 0 | F7: 0.1 | G7: 0.045 | H7: 0.065 | I7: =D7*F7% -> 0 | J7: =I7 -> 0 | K7: =J7*0.8 -> 0 | L7: =K7 -> 0 | M7: =E7*G7% -> 0 | O7: =E7*H7% -> 0 | P7: 98 | Q7: =P7*E7% -> 0 | S7: Billet End Cut | T7: =((($U$2*((E7/$E$20)*100)%))/1000) -> 0 | U7: =T7*$U$3 -> 0
B8: CI Mix Scrap | C8: 0 | D8: =C8*P8%*10 -> 0 | E8: =$E$20*C8% -> 0 | F8: 2 | G8: 0.06 | H8: 0.12 | I8: =D8*F8% -> 0 | J8: =I8 -> 0 | K8: =J8*0.8 -> 0 | L8: =K8 -> 0 | M8: =E8*G8% -> 0 | O8: =E8*H8% -> 0 | P8: 90 | Q8: =P8*E8% -> 0 | S8: CI SCRAP | T8: =((($U$2*((E8/$E$20)*100)%))/1000) -> 0 | U8: =T8*$U$3 -> 0
B9: SPONGE IRON LUMPS | C9: 25 | D9: =C9*P9%*10 -> 195 | E9: =$E$20*C9% -> 250 | F9: 0.1 | G9: 0.042 | H9: 0.08 | I9: =D9*F9% -> 0.195 | J9: =I9*0.75 -> 0.14625 | K9: =J9*0.8 -> 0.117 | L9: =K9 -> 0.117 | M9: =E9*G9% -> 0.105 | O9: =E9*H9% -> 0.2 | P9: 78 | Q9: =P9*E9% -> 195 | S9: =B9 -> SPONGE IRON LUMPS | T9: =((($U$2*((E9/$E$20)*100)%))/1000) -> 10.075567 | U9: =T9*$U$3 -> 100.75567
B10: SPONGE IRON PELLET | C10: 48 | D10: =C10*P10%*10 -> 374.4 | E10: =$E$20*C10% -> 480 | F10: 0.12 | G10: 0.035 | H10: 0.08 | I10: =D10*F10% -> 0.44928 | J10: =I10*0.75 -> 0.33696 | K10: =J10*0.8 -> 0.269568 | L10: =K10 -> 0.269568 | M10: =E10*G10% -> 0.168 | O10: =E10*H10% -> 0.384 | P10: 78 | Q10: =E10*P10% -> 374.4 | S10: =B10 -> SPONGE IRON PELLET | T10: =((($U$2*((E10/$E$20)*100)%))/1000) -> 19.345088 | U10: =T10*$U$3 -> 193.45088
B11: SPONGE IRON FINES | C11: 8 | D11: =C11*P11%*10 -> 56.8 | E11: =$E$20*C11% -> 80 | F11: 0.2 | G11: 0.07 | H11: 0.09 | I11: =D11*F11% -> 0.1136 | J11: =I11*0.75 -> 0.0852 | K11: =J11*0.8 -> 0.06816 | L11: =K11 -> 0.06816 | M11: =E11*G11% -> 0.056 | O11: =E11*H11% -> 0.072 | P11: 71 | Q11: =E11*P11% -> 56.8 | S11: =B11 -> SPONGE IRON FINES | T11: =((($U$2*((E11/$E$20)*100)%))/1000) -> 3.2241814 | U11: =T11*$U$3 -> 32.241814
B12: PCM JAM | C12: 0 | D12: =C12*P12%*10 -> 0 | E12: =$E$20*C12% -> 0 | F12: 3.8 | G12: 0.06 | H12: 0.12 | I12: =D12*F12% -> 0 | J12: =I12 -> 0 | K12: =J12*0.8 -> 0 | L12: =K12 -> 0 | M12: =E12*G12% -> 0 | O12: =E12*H12% -> 0 | P12: 91 | Q12: =E12*P12% -> 0 | S12: =B12 -> PCM JAM | T12: =((($U$2*((E12/$E$20)*100)%))/1000) -> 0 | U12: =T12*$U$3 -> 0
B13: PIG IRON | C13: 15 | D13: =C13*P13%*10 -> 141 | E13: =$E$20*C13% -> 150 | F13: 4.1 | G13: 0.038 | H13: 0.112 | I13: =D13*F13% -> 5.781 | J13: =I13 -> 5.781 | K13: =J13*0.8 -> 4.6248 | L13: =K13 -> 4.6248 | M13: =E13*G13% -> 0.057 | O13: =E13*H13% -> 0.168 | P13: 94 | Q13: =E13*P13% -> 141 | S13: =B13 -> PIG IRON | T13: =((($U$2*((E13/$E$20)*100)%))/1000) -> 6.0453401 | U13: =T13*$U$3 -> 60.453401
B14: PIG IRON Splash | C14: 0 | D14: =C14*P14%*10 -> 0 | E14: =$E$20*C14% -> 0 | F14: 3.6 | G14: 0.05 | H14: 0.135 | I14: =D14*F14% -> 0 | J14: =I14 -> 0 | K14: =J14*0.8 -> 0 | L14: =K14 -> 0 | M14: =E14*G14% -> 0 | O14: =E14*H14% -> 0 | P14: 88 | Q14: =E14*P14% -> 0 | S14: PIG IRON Splash | T14: =((($U$2*((E14/$E$20)*100)%))/1000) -> 0 | U14: =T14*$U$3 -> 0
B15: SLAG METAL | C15: 4 | D15: =C15*P15%*10 -> 26.8 | E15: =$E$20*C15% -> 40 | F15: 0.15 | G15: 0.045 | H15: 0.1 | I15: =D15*F15% -> 0.0402 | J15: =I15 -> 0.0402 | K15: =J15*0.8 -> 0.03216 | L15: =K15 -> 0.03216 | M15: =E15*G15% -> 0.018 | O15: =E15*H15% -> 0.04 | P15: 67 | Q15: =E15*P15% -> 26.8 | S15: =B15 -> SLAG METAL | T15: =((($U$2*((E15/$E$20)*100)%))/1000) -> 1.6120907 | U15: =T15*$U$3 -> 16.120907
B16: SLAG JAAM | C16: 0 | D16: =C16*P16%*10 -> 0 | E16: =$E$20*C16% -> 0 | F16: 0.2 | G16: 0.04 | H16: 0.045 | I16: =D16*F16% -> 0 | J16: =I16 -> 0 | K16: =J16*0.8 -> 0 | L16: =K16 -> 0 | M16: =E16*G16% -> 0 | O16: =E16*H16% -> 0 | P16: 92 | Q16: =E16*P16% -> 0 | S16: SLAGE JAAM | T16: =((($U$2*((E16/$E$20)*100)%))/1000) -> 0 | U16: =T16*$U$3 -> 0
B17: TOTAL | C17: =SUM(C5:C16) -> 100 | I17: =D17*F17% -> 0 | K17: =J17*0.8 -> 0 | L17: =SUM(L5:L16) -> 5.111688 | M17: =SUM(M5:M16) -> 0.404 | N17: =SUM(N5:N16) -> 0 | O17: =SUM(O5:O16) -> 0.864 | Q17: =SUM(Q5:Q16) -> 794
B18: SLILICO MANGANESE | D18: =E18*70% -> 10.15 | E18: 14.5 | F18: 0.02 | G18: 0.08 | H18: 0.35 | I18: =D18*F18% -> 0.00203 | J18: =I18 -> 0.00203 | K18: =J18*0.8 -> 0.001624 | L18: =K18 -> 0.001624 | M18: =E18*G18% -> 0.0116 | N18: =E18*0.6*0.7 -> 6.09 | O18: =E18*H18% -> 0.05075 | P18: 70 | Q18: =E18*P18% -> 10.15 | S18: =B18 -> SLILICO MANGANESE | T18: =((($U$2*((E18/$E$20)*100)%))/1000) -> 0.58438287 | U18: =T18*$U$3 -> 5.8438287
B19: MET COKE (kg) | C19: PER HEAT | E19: 0 | S19: =B19 -> MET COKE (kg) | T19: =+E19 -> 0 | U19: =T19*$U$3 -> 0
B20: OVERALL % | E20: 1000 | I20: =SUM(I5:I18)/1000*100 -> 0.658111 | J20: =SUM(J5:J18)/1000*100 -> 0.639164 | K20: =SUM(K5:K18)/1000*100 -> 0.5113312 | L20: =K20 -> 0.5113312 | M20: =(M17+M18)/Q17% -> 0.052342569 | O20: =O17/Q17% -> 0.10881612 | Q20: 1000
B21: burning loss of carbon
B22: net yield of carbon
B23: Feo | C23: =E9*8%+E10*6%+E11*7% -> 54.4 | E23: =C23*0.4 -> 21.76 | F23: =E23*0.167 -> 3.63392 | P23: =Q16/E20 -> 0 | S23: Yield | T23: =Q25*100 -> 79.4
B24: Recovery | M24: 1 | O24: 1 | S24: Power target | T24: ='MELT RATE'!C10 -> 771.09572
B25: Net Availability | L25: =L20 -> 0.5113312 | M25: =M20*M24 -> 0.052342569 | N25: =N18/100 -> 0.0609 | O25: =O20*O24 -> 0.10881612 | Q25: =Q17/E20 -> 0.794 | S25: Melt rate @ 92% LF | T25: ='MELT RATE'!C14 -> 13.760396
M26: 0.04852855 | N26: 0.0546 | O26: 0.081721187 | S26: TOTAL HEAT TIME | T26: ='MELT RATE'!C18 -> 164.53087
S27: Heat Per Day | T27: ='MELT RATE'!C19 -> 8.7521569
S28: Daily Production | T28: ='MELT RATE'!C20 -> 280.06902

Sheet MELT RATE
A1: SL NO | B1: MODEL | C1: MT GREEN
B2: FURNACE CAPACITY | C2: 30
A3: 1 | B3: SCRAP YIELD - % | C3: ='11-08-2026'!Q25*100 -> 79.4
B4: RAW MATERIAL - | C4: as per sheet2
B5: CARBON ON L.M | C5: 0.2 to 0.25
A6: 2 | B6: MEGATHERM UPT ON 100% | C6: 455
A7: 3.A | B7: MEGATHERM UPT AS PER AVAILABLE YIELD | C7: =((C6*(2-C3/100))/(C3/100)) -> 691.09572
A8: 3.B | B8: ADDITIONAL POWER @1660 | C8: 24
A9: 3.C | B9: Extra Power for SIP + SIF Melting | C9: ='11-08-2026'!C10+'11-08-2026'!C11 -> 56
A10: 3.D | B10: TOTAL UNITS | C10: =C7+C8+C9 -> 771.09572
A11: 5 | B11: LINING LIFE | C11: 20
A12: 6 | B12: POWER | C12: 12000
A13: 7 | B13: LOAD FACTOR | C13: 0.82
A14: 8 | B14: MELT RATE | C14: =(C12*C13)/(C10-C9) -> 13.760396
A15: 9 | B15: TONNAGE AVERAGE | C15: 32
A16: 10 | B16: HEAT TIME - MINS | C16: =C15*60/C14 -> 139.53087
A17: 11 | B17: LOSS OF TIME IN MIN ON A/C SLAG OFF 2 TIMES 6MIN, TEMP CHECKING 2 MIN, TAPPING TIME 3 MIN, BACK 1MIN, LINING INSPECTION 2 MINTILTING | C17: 25
A18: 12 | B18: TOTAL HEAT TIME | C18: =C17+C16 -> 164.53087
A19: 13 | B19: HEATS PER DAY | C19: =24*60/C18 -> 8.7521569
A20: 14 | B20: DAILY PRODUCTION -T | C20: =C19*C15 -> 280.06902 | D20: 4 | E20: =+C20*D20 -> 1120.2761
