Workbook

Sheet Summary
A1: SMS Budgeted Raw Material Consumption QTY (Total)
A2: S No | B2: Description | C2: UoM | D2: 46113 | E2: 46143 | F2: 46174 | G2: 46204 | H2: 46235 | I2: 46266 | J2: 46296 | K2: 46327 | L2: 46357 | M2: 46388 | N2: 46419 | O2: 46447 | P2: Total
A3: 1 | B3: Sponge Iron Lumps | C3: MT | D3: 2373.9328 | E3: 2496.7225 | F3: 2414.8627 | G3: 2496.7225 | H3: 2128.3536 | I3: 2414.8627 | J3: 2496.7225 | K3: 2414.8627 | L3: 2496.7225 | M3: 2455.7926 | N3: 2251.1432 | O3: 2496.7225 | P3: 28937.423
A4: 2 | B4: Sponge Iron Pellets | C4: MT | D4: 3692.7844 | E4: 3883.7905 | F4: 3756.4531 | G4: 3883.7905 | H4: 3310.7722 | I4: 3756.4531 | J4: 3883.7905 | K4: 3756.4531 | L4: 3883.7905 | M4: 3820.1218 | N4: 3501.7783 | O4: 3883.7905 | P4: 45013.769
A5: 3 | B5: Sponge Iron Fines | C5: MT | D5: 659.42579 | E5: 693.53402 | F5: 670.7952 | G5: 693.53402 | H5: 591.20933 | I5: 670.7952 | J5: 693.53402 | K5: 670.7952 | L5: 693.53402 | M5: 682.16461 | N5: 625.31756 | O5: 693.53402 | P5: 8038.173
A6: 4 | B6: Scrap | C6: MT | D6: 5407.2915 | E6: 5686.979 | F6: 5500.5206 | G6: 5686.979 | H6: 4847.9165 | I6: 5500.5206 | J6: 5686.979 | K6: 5500.5206 | L6: 5686.979 | M6: 5593.7498 | N6: 5127.604 | O6: 5686.979 | P6: 65913.019
A7: 5 | B7: Pig Iron / Pig Iron Granuels | C7: MT | D7: 0 | E7: 0 | F7: 0 | G7: 0 | H7: 0 | I7: 0 | J7: 0 | K7: 0 | L7: 0 | M7: 0 | N7: 0 | O7: 0 | P7: 0
A8: 6 | B8: Pooled Iron / CI Mix Scrap | C8: MT | D8: 316.52438 | E8: 332.89633 | F8: 321.9817 | G8: 332.89633 | H8: 283.78048 | I8: 321.9817 | J8: 332.89633 | K8: 321.9817 | L8: 332.89633 | M8: 327.43901 | N8: 300.15243 | O8: 332.89633 | P8: 3858.323
A9: 7 | B9: PCM Jam/ CI Dust | C9: MT | D9: 0 | E9: 0 | F9: 0 | G9: 0 | H9: 0 | I9: 0 | J9: 0 | K9: 0 | L9: 0 | M9: 0 | N9: 0 | O9: 0 | P9: 0
A10: 8 | B10: Slag Metal(Mag Material) | C10: MT | D10: 182.8474 | E10: 192.30503 | F10: 185.99995 | G10: 192.30503 | H10: 163.93216 | I10: 185.99995 | J10: 192.30503 | K10: 185.99995 | L10: 192.30503 | M10: 189.15249 | N10: 173.38978 | O10: 192.30503 | P10: 2228.8468
A11: 9 | B11: Over size Mag | C11: MT | D11: 13.188516 | E11: 13.87068 | F11: 13.415904 | G11: 13.87068 | H11: 11.824187 | I11: 13.415904 | J11: 13.87068 | K11: 13.415904 | L11: 13.87068 | M11: 13.643292 | N11: 12.506351 | O11: 13.87068 | P11: 160.76346
A12: 10 | B12: MS Scrap-Rolling Mill | C12: MT | D12: 474.78657 | E12: 499.3445 | F12: 482.97254 | G12: 499.3445 | H12: 425.67072 | I12: 482.97254 | J12: 499.3445 | K12: 482.97254 | L12: 499.3445 | M12: 491.15852 | N12: 450.22864 | O12: 499.3445 | P12: 5787.4846
A13: 11 | B13: Total Feed | C13: MT | D13: 13120.781 | E13: 13799.443 | F13: 13347.002 | G13: 13799.443 | H13: 11763.459 | I13: 13347.002 | J13: 13799.443 | K13: 13347.002 | L13: 13799.443 | M13: 13573.222 | N13: 12442.12 | O13: 13799.443 | P13: 159937.8
A14: 12 | B14: Silico Manganese | C14: MT | D14: 144.83315 | E14: 152.22107 | F14: 147.29579 | G14: 152.22107 | H14: 130.05731 | I14: 147.29579 | J14: 152.22107 | K14: 147.29579 | L14: 152.22107 | M14: 149.75843 | N14: 137.44523 | O14: 152.22107 | P14: 1765.0868
B16: Billets | C16: MT | D16: 11246.705 | E16: 11828.431 | F16: 11440.613 | G16: 11828.431 | H16: 10083.252 | I16: 11440.613 | J16: 11828.431 | K16: 11440.613 | L16: 11828.431 | M16: 11634.522 | N16: 10664.979 | O16: 11828.431 | P16: 137093.45
B19: Incoming Raw Material Pending
B20: Sponge Iron Lumps | C20: =April!J3+May!J3+June!J3 -> -2485.258
B21: Sponge Iron Fines | C21: =April!J5+May!J5+June!J5 -> 1304.555
B22: Scrap | C22: =April!J6+May!J6+June!J6 -> -1668.4111
B23: Pooled Iron / CI Mix Scrap | C23: =April!J8+May!J8+June!J8 -> -752.45241
B24: Silico Manganese | C24: =April!J14+May!J14+June!J14 -> -270.43677

Sheet May
A2: S No | B2: Description | C2: UoM | D2: AOP Bdgt | E2: Received | F2: Consumption | G2: AOP Consum | H2: Charge Mix | I2: Actual | J2: (Received)-(Aop Bdgt)
A3: 1 | B3: Sponge Iron Lumps | C3: MT | D3: 2496.7225 | E3: 2009.74 | F3: 2204 | G3: 0.18 | H3: 0.16 | I3: =F3/F$15 -> 0.15705445 | J3: =E3-D3 -> -486.98248
A4: 2 | B4: Sponge Iron Pellets | C4: MT | D4: 3883.7905 | E4: 3603.96 | F4: 3614 | G4: 0.28 | H4: 0.2855 | I4: =F4/F$15 -> 0.25752939 | J4: =E4-D4 -> -279.83052
A5: 3 | B5: Sponge Iron Fines | C5: MT | D5: 693.53402 | E5: 1305.37 | F5: 1206 | G5: 0.05 | H5: 0.0819 | I5: =F5/F$15 -> 0.08593814 | J5: =E5-D5 -> 611.83598
A6: 4 | B6: Scrap | C6: MT | D6: 5686.979 | E6: 6131.42 | F6: 5962 | G6: 0.41 | H6: 0.4045 | I6: =F6/F$15 -> 0.4248451 | J6: =E6-D6 -> 444.44103
A7: 5 | B7: Pig Iron / Pig Iron Granuels | C7: MT | D7: 0 | F7: 8 | G7: 0 | I7: =F7/F$15 -> 0.00057007058 | J7: =E7-D7 -> 0
A8: 6 | B8: Pooled Iron / CI Mix Scrap | C8: MT | D8: 332.89633 | E8: 84.97 | F8: 224 | G8: 0.02 | H8: 0.0181 | I8: =F8/F$15 -> 0.015961976 | J8: =E8-D8 -> -247.92633
A9: 7 | B9: PCM Jam/ CI Dust | C9: MT | D9: 0 | G9: 0 | I9: =F9/F$15 -> 0 | J9: =E9-D9 -> 0
A10: 8 | B10: MS Scrap | C10: MT | D10: 0 | E10: 15.15 | F10: 19.35 | I10: =F10/F$15 -> 0.0013788582 | J10: =E10-D10 -> 15.15
A11: 9 | B11: Slag Metal(Mag Material) | C11: MT | D11: 192.30503 | E11: 250.56 | F11: 291 | G11: 0.019 | H11: 0.02 | I11: =F11/F$15 -> 0.020736317 | J11: =E11-D11 -> 58.254972
A12: 10 | B12: Over size Mag | C12: MT | D12: 13.87068 | I12: =F12/F$15 -> 0 | J12: =E12-D12 -> -13.87068
A13: 11 | B13: MS Scrap-Rolling Mill | C13: MT | D13: 499.3445 | E13: 527.42 | F13: 505 | G13: 0.036 | H13: 0.03 | I13: =F13/F$15 -> 0.035985705 | J13: =E13-D13 -> 28.075505
A14: 12 | B14: Silico Manganese | C14: MT | D14: 152.22107 | E14: 175 | F14: 151.4 | J14: =E14-D14 -> 22.778929
B15: Total Feed | C15: MT | D15: =SUM(D3:D13) -> 13799.443 | E15: =SUM(E3:E14) -> 14103.59 | F15: =SUM(F3:F13) -> 14033.35 | J15: =E15-D15 -> 304.14748
B17: Total Prime Prod. | D17: 11918.803 | F17: AOP Prod | G17: 11828 | I17: PELLETS | J17: 77.94172
B18: Non Orime Prod | D18: 178 | I18: FINES | J18: 71.137956
B19: Total | D19: =SUM(D17:D18) -> 12096.803 | F19: Charge Mix Target Yield | G19: 84.924 | I19: LUMPS | J19: 78.358894
B20: Actual Yield | D20: =D17/F15% -> 84.931987

Sheet June
A2: S No | B2: Description | C2: UoM | D2: AOP Bdgt | E2: Received | F2: Consumption | G2: AOP Consum | H2: Charge Mix | I2: Actual | J2: (Received)-(Aop Bdgt)
A3: 1 | B3: Sponge Iron Lumps | C3: MT | D3: 2414.8627 | E3: 896.92 | F3: 929 | G3: 0.18 | H3: 0.16 | I3: =F3/F$16 -> 0.14901791 | J3: =E3-D3 -> -1517.9427
A4: 2 | B4: Sponge Iron Pellets | C4: MT | D4: 3756.4531 | E4: 1677.78 | F4: 1637 | G4: 0.28 | H4: 0.29 | I4: =F4/F$16 -> 0.26258592 | J4: =E4-D4 -> -2078.6731
A5: 3 | B5: Sponge Iron Fines | C5: MT | D5: 670.7952 | E5: 300 | F5: 485 | G5: 0.05 | H5: 0.08 | I5: =F5/F$16 -> 0.077797294 | J5: =E5-D5 -> -370.7952
A6: 4 | B6: Scrap | C6: MT | D6: 5500.5206 | E6: 3178.76 | F6: 2544 | G6: 0.41 | H6: 0.4 | I6: =F6/F$16 -> 0.40807488 | J6: =E6-D6 -> -2321.7606
A7: 5 | B7: Pig Iron / Pig Iron Granuels | C7: MT | D7: 0 | F7: 27 | G7: 0 | I7: =F7/F$16 -> 0.0043309834 | J7: =E7-D7 -> 0
A8: 6 | B8: Pooled Iron / CI Mix Scrap | C8: MT | D8: 321.9817 | E8: 43.2 | F8: 87 | G8: 0.02 | H8: 0.02 | I8: =F8/F$16 -> 0.013955391 | J8: =E8-D8 -> -278.7817
A9: 7 | B9: PCM Jam/ CI Dust | C9: MT | D9: 0 | G9: 0 | I9: =F9/F$16 -> 0 | J9: =E9-D9 -> 0
A10: 8 | B10: MS Scrap | C10: MT | D10: 0 | E10: 3.66 | F10: 15.15 | I10: =F10/F$16 -> 0.0024301629 | J10: =E10-D10 -> 3.66
A11: 9 | B11: Slag Metal(Mag Material) | C11: MT | D11: 185.99995 | E11: 140.47 | F11: 122 | G11: 0.019 | H11: 0.02 | I11: =F11/F$16 -> 0.019569629 | J11: =E11-D11 -> -45.529945
A12: 10 | B12: Billet End Cut | C12: MT | D12: 0 | F12: 187 | I12: =F12/F$16 -> 0.02999607
A13: 11 | B13: Over size Mag | C13: MT | D13: 13.415904 | I13: =F13/F$16 -> 0 | J13: =E13-D13 -> -13.415904
A14: 12 | B14: MS Scrap-Rolling Mill | C14: MT | D14: 482.97254 | E14: 194.59 | F14: 201 | G14: 0.036 | H14: 0.03 | I14: =F14/F$16 -> 0.032241765 | J14: =E14-D14 -> -288.38254
A15: 13 | B15: Silico Manganese | C15: MT | D15: 147.29579 | E15: 70 | F15: 67.2 | J15: =E15-D15 -> -77.29579
B16: Total Feed | C16: MT | D16: =SUM(D3:D14) -> 13347.002 | E16: =SUM(E3:E15) -> 6505.38 | F16: =SUM(F3:F14) -> 6234.15 | J16: =E16-D16 -> -6841.6218
B18: Total Prime Prod. | D18: 5283.317 | F18: AOP Prod | G18: 11828 | I18: PELLETS | J18: 77.958284
B19: Non Orime Prod | D19: 41.3 | I19: FINES | J19: 69.997339
B20: Total | D20: =SUM(D18:D19) -> 5324.617 | F20: Charge Mix Target Yield | G20: 84.924 | I20: LUMPS | J20: 78.239674
B21: Actual Yield | D21: =D18/F16% -> 84.747993

Sheet April
A2: S No | B2: Description | C2: UoM | D2: AOP Bdgt | E2: Received | F2: Consumption | G2: AOP Consum | H2: Charge Mix | I2: Actual | J2: (Received)-(Aop Bdgt)
A3: 1 | B3: Sponge Iron Lumps | C3: MT | D3: 2373.9328 | E3: 1893.6 | F3: 1876 | G3: 0.18 | H3: 0.16 | I3: =F3/F$15 -> 0.13755098 | J3: =E3-D3 -> -480.33285
A4: 2 | B4: Sponge Iron Pellets | C4: MT | D4: 3692.7844 | E4: 3416.89 | F4: 3354 | G4: 0.28 | H4: 0.225 | I4: =F4/F$15 -> 0.24592003 | J4: =E4-D4 -> -275.89443
A5: 3 | B5: Sponge Iron Fines | C5: MT | D5: 659.42579 | E5: 1722.94 | F5: 1443 | G5: 0.05 | H5: 0.105 | I5: =F5/F$15 -> 0.1058028 | J5: =E5-D5 -> 1063.5142
A6: 4 | B6: Scrap | C6: MT | D6: 5407.2915 | E6: 5616.2 | F6: 6178 | G6: 0.41 | H6: 0.46 | I6: =F6/F$15 -> 0.45297971 | J6: =E6-D6 -> 208.90852
A7: 5 | B7: Pig Iron / Pig Iron Granuels | C7: MT | D7: 0 | F7: 15 | G7: 0 | I7: =F7/F$15 -> 0.0010998212 | J7: =E7-D7 -> 0
A8: 6 | B8: Pooled Iron / CI Mix Scrap | C8: MT | D8: 316.52438 | E8: 90.78 | F8: 118 | G8: 0.02 | I8: =F8/F$15 -> 0.0086519271 | J8: =E8-D8 -> -225.74438
A9: 7 | B9: PCM Jam/ CI Dust | C9: MT | D9: 0 | G9: 0 | I9: =F9/F$15 -> 0 | J9: =E9-D9 -> 0
A10: 8 | B10: MS Scrap | C10: MT | D10: 0 | E10: 19.35 | F10: 14.58 | I10: =F10/F$15 -> 0.0010690262 | J10: =E10-D10 -> 19.35
A11: 9 | B11: Slag Metal(Mag Material) | C11: MT | D11: 182.8474 | E11: 233.96 | F11: 210 | G11: 0.019 | H11: 0.02 | I11: =F11/F$15 -> 0.015397497 | J11: =E11-D11 -> 51.112596
A12: 10 | B12: Over size Mag | C12: MT | D12: 13.188516 | I12: =F12/F$15 -> 0 | J12: =E12-D12 -> -13.188516
A13: 11 | B13: MS Scrap-Rolling Mill | C13: MT | D13: 474.78657 | E13: 395.44 | F13: 430 | G13: 0.036 | H13: 0.03 | I13: =F13/F$15 -> 0.031528209 | J13: =E13-D13 -> -79.346569
A14: 12 | B14: Silico Manganese | C14: MT | D14: 144.83315 | E14: 140 | F14: 147.8 | J14: =E14-D14 -> -4.8331495
B15: Total Feed | C15: MT | D15: =SUM(D3:D14) -> 13265.615 | E15: =SUM(E3:E13) -> 13389.16 | F15: =SUM(F3:F13) -> 13638.58 | J15: =E15-D15 -> 123.54543
B17: Total Prime Prod. | D17: 11620.514 | F17: AOP Prod | G17: 11246.705 | I17: PELLETS | J17: 78.032511
B18: Non Orime Prod | D18: 108.98 | I18: FINES | J18: 71.208062
B19: Total | D19: =SUM(D17:D18) -> 11729.494 | F19: Charge Mix Target Yield | G19: 85.06 | I19: LUMPS | J19: 78.404067
B20: Actual Yield | D20: =D17/F15% -> 85.203254

Sheet Q-1 ,2026-27
A1: 1st Quarter Raw Materials Details 2026-27
A2: S No | B2: Description | C2: UoM | D2: Opening | E2: Receiving | F2: Total | G2: Issue | H2: Closing | I2: Chargemix % | J2: Actual %
A3: 1 | B3: Sponge Iron Lumps | C3: MT | D3: 530.78 | E3: =April!E3+May!E3+June!E3 -> 4800.26 | F3: =D3+E3 -> 5331.04 | G3: =April!F3+May!F3+June!F3 -> 5009 | H3: =F3-G3 -> 322.04 | I3: =AVERAGE(April!H3,May!H3,June!H3) -> 0.16 | J3: =G3/G$13 -> 0.14944173 | K3: 78.3
A4: 2 | B4: Sponge Iron Pellets | C4: MT | D4: 88.23 | E4: =April!E4+May!E4+June!E4 -> 8698.63 | F4: =D4+E4 -> 8786.86 | G4: =April!F4+May!F4+June!F4 -> 8605 | H4: =F4-G4 -> 181.86 | I4: =AVERAGE(April!H4,May!H4,June!H4) -> 0.26683333 | J4: =G4/G$13 -> 0.25672712 | K4: 79
A5: 3 | B5: Sponge Iron Fines | C5: MT | D5: 20.41 | E5: =April!E5+May!E5+June!E5 -> 3328.31 | F5: =D5+E5 -> 3348.72 | G5: =April!F5+May!F5+June!F5 -> 3134 | H5: =F5-G5 -> 214.72 | I5: =AVERAGE(April!H5,May!H5,June!H5) -> 0.088966667 | J5: =G5/G$13 -> 0.093501776 | K5: 71.3
A6: 4 | B6: Scrap | C6: MT | D6: 679.189 | E6: =April!E6+May!E6+June!E6 -> 14926.38 | F6: =D6+E6 -> 15605.569 | G6: =April!F6+May!F6+June!F6 -> 14684 | H6: =F6-G6 -> 921.569 | I6: =AVERAGE(April!H6,May!H6,June!H6) -> 0.4215 | J6: =G6/G$13 -> 0.43809192
A7: 5 | B7: Pig Iron | C7: MT | D7: 34.48 | E7: =April!E7+May!E7+June!E7 -> 0 | F7: =D7+E7 -> 34.48 | G7: 0 | H7: =F7-G7 -> 34.48 | I7: 0 | J7: =G7/G$13 -> 0
A8: 7 | B8: Pig Iron Granuels | C8: Mt | D8: 155.8 | E8: 0 | F8: =D8+E8 -> 155.8 | G8: 50 | H8: =F8-G8 -> 105.8 | I8: 0 | J8: =G8/G$13 -> 0.0014917322
A9: 8 | B9: CI Mix Scrap | C9: MT | D9: 258.875 | E9: =April!E8+May!E8+June!E8 -> 218.95 | F9: =D9+E9 -> 477.825 | G9: =April!F8+May!F8+June!F8 -> 429 | H9: =F9-G9 -> 48.825 | I9: =AVERAGE(May!H8,June!H8) -> 0.01905 | J9: =G9/G$13 -> 0.012799062
A10: 9 | B10: MS Scrap | C10: MT | D10: 14.58 | E10: =April!E10+May!E10+June!E10 -> 38.16 | F10: =D10+E10 -> 52.74 | G10: =April!F10+May!F10+June!F10 -> 49.08 | H10: =F10-G10 -> 3.66 | I10: 0 | J10: =G10/G$13 -> 0.0014642844
A11: 10 | B11: Slag Metal(Mag Material) | C11: MT | D11: 18.34 | E11: =April!E11+May!E11+June!E11 -> 624.99 | F11: =D11+E11 -> 643.33 | G11: =April!F11+May!F11+June!F11 -> 623 | H11: =F11-G11 -> 20.33 | I11: 0.02 | J11: =G11/G$13 -> 0.018586984
A12: 11 | B12: MS Scrap-Rolling Mill | C12: MT | D12: 83.47 | E12: =April!E13+May!E13+June!E13 -> 922.86 | F12: =D12+E12 -> 1006.33 | G12: =April!F13+May!F13+June!F13 -> 935 | H12: =F12-G12 -> 71.33 | I12: =AVERAGE(April!H13,May!H13,June!H14) -> 0.03 | J12: =G12/G$13 -> 0.027895393
B13: Total Feed | C13: MT | D13: =SUM(D3:D12) -> 1884.154 | E13: =SUM(E3:E12) -> 33558.54 | F13: =D13+E13 -> 35442.694 | G13: =SUM(G3:G12) -> 33518.08 | H13: =F13-G13 -> 1924.614
K14: 85.3
B15: Silico Manganese | C15: MT | D15: 50.5 | E15: 509.59 | F15: =D15+E15 -> 560.09 | G15: 500.2 | H15: =F15-G15 -> 59.89
B17: AOP Production | C17: Mt | D17: =SUM(April!G17,May!G17,June!G18) -> 34902.705
B18: Actual Production | C18: Mt | D18: =April!D17+May!D17+June!D18 -> 28822.634
